{
  "averages": {
    "Classical": {
      "accuracy": 0.8836125860040946,
      "training_time": 1.1385602367674845,
      "inference_time": 0.06609856945032432,
      "memory_usage": 6.891822222512449,
      "cpu_usage": 14.648466724017947,
      "setup_difficulty": 7.905181978280694,
      "interpretability": 7.725717924406776,
      "deployment_complexity": 7.600798798857121,
      "hardware_requirements": 8.313234043063838,
      "scalability": 7.977564630621492,
      "practicality_score": 7.904499475045985
    },
    "Quantum": {
      "accuracy": 0.8139074417054315,
      "training_time": 5.096068565277926,
      "inference_time": 0.23136412053221894,
      "memory_usage": 20.180159555328288,
      "cpu_usage": 48.513950416076625,
      "setup_difficulty": 4.080414180895211,
      "interpretability": 4.083803181431929,
      "deployment_complexity": 4.307560703656461,
      "hardware_requirements": 4.34143722600364,
      "scalability": 4.27305320056719,
      "practicality_score": 4.217253698510886
    },
    "Hybrid": {
      "accuracy": 0.9082669222309077,
      "training_time": 3.489544794017731,
      "inference_time": 0.10287467394214769,
      "memory_usage": 15.049666369653362,
      "cpu_usage": 38.755188730249415,
      "setup_difficulty": 6.429366343079902,
      "interpretability": 6.266935360619349,
      "deployment_complexity": 6.543050874158176,
      "hardware_requirements": 6.634363400845471,
      "scalability": 6.485335798705432,
      "practicality_score": 6.471810355481665
    }
  },
  "best_models": {
    "accuracy": {
      "model": "Ensemble Hybrid",
      "value": 0.9381075698001066
    },
    "training_time": {
      "model": "Gradient Boosting",
      "value": 0.8905550874920212
    },
    "inference_time": {
      "model": "Random Forest",
      "value": 0.058568304837587515
    },
    "memory_usage": {
      "model": "Random Forest",
      "value": 3.7896417428034272
    },
    "practicality_score": {
      "model": "Neural Network",
      "value": 8.501185256656763
    }
  },
  "insights": {
    "Classical": "Classical models provide good accuracy with fast training times and are easier to deploy and interpret.",
    "Quantum": "Quantum models show promise but currently have higher resource requirements and complexity.",
    "Hybrid": "Hybrid models often achieve the best accuracy by combining the strengths of both classical and quantum approaches."
  },
  "timestamp": "2025-03-10 21:15:28"
}