{
  "averages": {
    "Classical": {
      "accuracy": 0.8623959483792328,
      "training_time": 1.112436979075031,
      "inference_time": 0.06085421132093931,
      "memory_usage": 5.695748183802813,
      "cpu_usage": 12.97593906887121,
      "setup_difficulty": 7.4375850586806305,
      "interpretability": 7.729522978711468,
      "deployment_complexity": 7.645203548905709,
      "hardware_requirements": 8.2852621458702,
      "scalability": 7.631110078701024,
      "practicality_score": 7.745736762173806
    },
    "Quantum": {
      "accuracy": 0.7733420273890574,
      "training_time": 4.918854246822827,
      "inference_time": 0.20886733841733085,
      "memory_usage": 21.121454682923886,
      "cpu_usage": 48.88019447115668,
      "setup_difficulty": 4.441316292321669,
      "interpretability": 4.589319442509427,
      "deployment_complexity": 4.763014350757745,
      "hardware_requirements": 4.5511869626157235,
      "scalability": 4.273227402490554,
      "practicality_score": 4.523612890139024
    },
    "Hybrid": {
      "accuracy": 0.8859475653967858,
      "training_time": 3.377749759048103,
      "inference_time": 0.11267589366107597,
      "memory_usage": 12.652981792299595,
      "cpu_usage": 34.0146849457958,
      "setup_difficulty": 6.062770743328102,
      "interpretability": 5.612102093818791,
      "deployment_complexity": 6.111092943246103,
      "hardware_requirements": 6.141015426533573,
      "scalability": 5.687465561788617,
      "practicality_score": 5.922889353743037
    }
  },
  "best_models": {
    "accuracy": {
      "model": "Quantum-Classical",
      "value": 0.9005041339989083
    },
    "training_time": {
      "model": "Random Forest",
      "value": 0.5885333038524684
    },
    "inference_time": {
      "model": "Gradient Boosting",
      "value": 0.044224304327059594
    },
    "memory_usage": {
      "model": "Gradient Boosting",
      "value": 2.6205257384797704
    },
    "practicality_score": {
      "model": "Deep Learning",
      "value": 8.598291631810723
    }
  },
  "insights": {
    "Classical": "Classical models provide good accuracy with fast training times and are easier to deploy and interpret.",
    "Quantum": "Quantum models show promise but currently have higher resource requirements and complexity.",
    "Hybrid": "Hybrid models often achieve the best accuracy by combining the strengths of both classical and quantum approaches."
  },
  "timestamp": "2025-03-02 17:51:24"
}