{
  "averages": {
    "Classical": {
      "accuracy": 0.8850236346967817,
      "training_time": 1.0319917235820144,
      "inference_time": 0.03908427963609776,
      "memory_usage": 5.761794306961173,
      "cpu_usage": 15.31373833777786,
      "setup_difficulty": 7.820333676780495,
      "interpretability": 7.723766191464724,
      "deployment_complexity": 7.269943956684567,
      "hardware_requirements": 7.711961564050663,
      "scalability": 7.592167965558686
    },
    "Quantum": {
      "accuracy": 0.8212000333575751,
      "training_time": 4.418335569844261,
      "inference_time": 0.1673927747578604,
      "memory_usage": 20.367362103777744,
      "cpu_usage": 53.25228353844926,
      "setup_difficulty": 4.286176755356758,
      "interpretability": 3.9917291643093042,
      "deployment_complexity": 4.185175439275747,
      "hardware_requirements": 4.4558486281881,
      "scalability": 4.078866727607971
    },
    "Hybrid": {
      "accuracy": 0.8952213467380004,
      "training_time": 2.9907877071185114,
      "inference_time": 0.11434316020420363,
      "memory_usage": 14.501636954389145,
      "cpu_usage": 31.373626587857068,
      "setup_difficulty": 5.353049785301764,
      "interpretability": 6.030967496332583,
      "deployment_complexity": 6.1604229664378005,
      "hardware_requirements": 6.088130010710421,
      "scalability": 5.4032400561003975
    }
  },
  "best_models": {
    "accuracy": {
      "model": "Quantum-Classical",
      "value": 0.9350702964425746
    },
    "training_time": {
      "model": "Neural Network",
      "value": 0.6249080364530282
    },
    "inference_time": {
      "model": "Neural Network",
      "value": 0.03403901787826637
    },
    "memory_usage": {
      "model": "Random Forest",
      "value": 2.943981067620977
    },
    "practicality_score": {
      "model": "Neural Network",
      "value": 7.902195349617937
    }
  },
  "insights": {
    "Classical": "Classical models provide good accuracy with fast training times and are easier to deploy and interpret.",
    "Quantum": "Quantum models show promise but currently have higher resource requirements and complexity.",
    "Hybrid": "Hybrid models often achieve the best accuracy by combining the strengths of both classical and quantum approaches."
  },
  "timestamp": "2025-03-02 17:37:20"
}